orden,n_comp,fecha_emision,cod_cliente,figura,importe,bonif_sin_imp,imp_gravado,imp_exento,imp_iva,montib,gastadmi,boniflibro,bonifcosme,bonifpract,porclider,boniflider,bonifivadic,zona
1,"B0000301172901","2021-09-24",5066409,2,6767.47,1495.47,5592.95,0.00,1174.52,279.65000000000,"143.09",0.00,"719.98","775.48","","0.00","0.00",703
2,"B0000301172902","2021-09-24",5375037,2,4571.63,1514.95,3778.21,0.00,793.42,188.91000000000,"96.66",0.00,"1307.96","206.99","","0.00","0.00",703
3,"B0000301172903","2021-09-24",5724651,2,7885.11,1861.46,6516.62,0.00,1368.49,325.83000000000,"166.72",0.00,"848.97","1012.48","","0.00","0.00",703
4,"B0000301172904","2021-09-24",5760909,2,7894.80,2291.94,6524.63,0.00,1370.17,326.23000000000,"166.92",0.00,"1577.96","713.98","","0.00","0.00",703
5,"B0000301172905","2021-09-24",8055378,10,11453.56,1978.47,8566.29,0.00,2887.27,428.31000000000,"242.17",0.00,"0.00","1978.47","","0.00","1088.35",703
6,"B0000301172906","2021-09-24",10403205,2,4948.53,965.97,4089.69,0.00,858.84,0.00000000000,"104.63",0.00,"188.99","776.98","","0.00","0.00",703
7,"B0000301172907","2021-09-24",10948309,10,15893.23,4162.41,11886.79,0.00,4006.44,594.34000000000,"336.04",0.00,"2384.96","1777.46","","0.00","1510.22",703
8,"B0000301172908","2021-09-24",10948392,2,2018.61,193.99,1668.27,0.00,350.34,83.41000000000,"42.68",0.00,"52.00","141.99","","0.00","0.00",703
9,"B0000301172909","2021-09-24",10948546,2,1878.71,390.99,1552.66,0.00,326.06,77.63000000000,"39.72",0.00,"375.99","15.00","","0.00","0.00",703
10,"B0000301172910","2021-09-24",11054115,10,11058.64,3154.93,8270.92,0.00,2787.71,413.55000000000,"233.82",0.00,"2152.95","1001.98","","0.00","1050.82",703
11,"B0000301172911","2021-09-24",11273070,10,10187.15,2727.91,7619.12,0.00,2568.03,380.96000000000,"215.39",0.00,"1860.94","866.97","","0.00","968.01",703
12,"B0000301172912","2021-09-24",11362286,10,13034.82,3760.39,9748.94,0.00,3285.88,487.45000000000,"275.60",0.00,"2534.93","1225.46","","0.00","1238.60",703
13,"B0000301172913","2021-09-24",11569972,2,5312.24,919.98,4390.28,0.00,921.96,219.51000000000,"112.32",0.00,"683.99","235.99","","0.00","0.00",703
14,"B0000301172914","2021-09-24",11969334,10,15069.87,3418.42,11270.99,0.00,3798.89,676.26000000000,"318.63",0.00,"1385.97","2032.45","","0.00","1431.98",703
15,"B0000301172915","2021-09-24",12119466,10,11458.62,3103.43,8570.07,0.00,2888.54,428.50000000000,"242.27",0.00,"1910.94","1192.48","","0.00","1088.83",703
16,"B0000301172916","2021-09-24",12358290,10,23082.21,5815.36,17263.54,0.00,5818.67,863.18000000000,"488.03",0.00,"3047.91","2767.45","","0.00","2193.33",703
17,"B0000301172917","2021-09-24",12485012,2,1585.48,307.99,1310.31,0.00,275.17,65.52000000000,"33.52",0.00,"243.99","64.00","","0.00","0.00",703
18,"B0000301172918","2021-09-24",12485373,2,4865.28,1357.46,4020.89,0.00,844.39,201.04000000000,"102.87",0.00,"938.97","418.49","","0.00","0.00",703
19,"B0000301172919","2021-09-24",12500747,2,5801.06,1531.46,4794.26,0.00,1006.80,239.71000000000,"122.65",0.00,"899.97","631.48","","0.00","0.00",703
20,"B0000301172920","2021-09-24",12525006,2,5197.86,741.98,4295.75,0.00,902.11,214.79000000000,"109.90",0.00,"317.99","423.99","","0.00","0.00",703
21,"B0000301172921","2021-09-24",12744204,2,3867.70,603.98,3196.45,0.00,671.25,159.82000000000,"81.78",0.00,"329.99","273.99","","0.00","0.00",703
22,"B0000301172922","2021-09-24",12836940,10,10493.66,3267.92,7848.37,0.00,2645.29,392.42000000000,"221.87",0.00,"2481.94","785.98","","0.00","997.14",703
23,"B0000301172923","2021-09-24",12892505,2,6783.28,1559.96,5606.02,0.00,1177.26,280.30000000000,"143.42",0.00,"659.98","899.97","","0.00","0.00",703
24,"B0000301172924","2021-09-24",13013440,10,12403.58,3038.44,9276.82,0.00,3126.75,463.84000000000,"262.25",0.00,"1697.97","1340.47","","0.00","1178.62",703
25,"B0000301172925","2021-09-24",13373749,10,11176.61,2329.45,8359.16,0.00,2817.45,417.96000000000,"236.31",0.00,"677.98","1651.46","","0.00","1062.03",703
26,"B0000301172926","2021-09-24",13408623,2,9468.00,2121.95,7824.79,0.00,1643.21,391.24000000000,"200.18",0.00,"882.97","1238.97","","0.00","0.00",703
27,"B0000301172927","2021-09-24",13493833,2,4894.41,568.99,4044.96,0.00,849.44,202.25000000000,"103.48",0.00,"66.00","502.99","","0.00","0.00",703
28,"B0000301172928","2021-09-24",13597531,2,5528.27,1618.46,4568.82,0.00,959.45,228.44000000000,"116.89",0.00,"1127.97","490.48","","0.00","0.00",703
29,"B0000301172929","2021-09-24",13597574,2,4152.76,624.98,3432.03,0.00,720.73,171.60000000000,"87.80",0.00,"311.99","312.99","","0.00","0.00",703
30,"B0000301172930","2021-09-24",13668773,2,4245.71,553.99,3508.85,0.00,736.86,175.44000000000,"89.77",0.00,"166.00","387.99","","0.00","0.00",703
31,"B0000301172931","2021-09-24",13721054,10,10635.74,2318.96,7954.63,0.00,2681.11,397.73000000000,"224.87",0.00,"818.98","1499.98","","0.00","1010.64",703
32,"B0000301172932","2021-09-24",13763768,2,6476.86,1979.96,5352.78,0.00,1124.08,267.64000000000,"136.94",0.00,"1502.97","476.99","","0.00","0.00",703
33,"B0000301172933","2021-09-24",13809113,2,9776.47,2979.92,8079.73,0.00,1696.74,403.99000000000,"206.71",0.00,"2117.45","862.47","","0.00","0.00",703
34,"B0000301172934","2021-09-24",13880136,2,4891.29,1451.95,4042.39,0.00,848.90,202.12000000000,"103.42",0.00,"1031.97","419.98","","0.00","0.00",703
35,"B0000301172935","2021-09-24",13990195,2,3975.96,977.97,3285.92,0.00,690.04,164.30000000000,"84.06",0.00,"494.98","482.98","","0.00","0.00",703
36,"B0000301172936","2021-09-24",14011611,2,3200.56,746.97,2645.09,0.00,555.47,132.25000000000,"67.67",0.00,"329.99","416.98","","0.00","0.00",703
37,"B0000301172937","2021-09-24",14039656,2,7200.17,1071.98,5950.56,0.00,1249.62,297.53000000000,"152.24",0.00,"519.99","551.99","","0.00","0.00",703
38,"B0000301172938","2021-09-24",14075849,2,5357.70,1315.47,4427.85,0.00,929.85,221.39000000000,"113.28",0.00,"662.98","652.48","","0.00","0.00",703
39,"B0000301172939","2021-09-24",14133458,2,3048.39,475.99,2519.33,0.00,529.06,125.97000000000,"64.45",0.00,"259.99","215.99","","0.00","0.00",703
40,"B0000301172940","2021-09-24",20070748,10,17668.34,4504.91,13214.42,0.00,4453.92,660.72000000000,"373.57",0.00,"2440.95","2063.96","","0.00","1678.89",703
41,"B0000301172941","2021-09-24",20070837,10,29058.46,9165.34,21733.26,0.00,7325.20,1086.66000000000,"614.39",0.00,"6805.87","2359.47","","0.00","2761.21",703
42,"B0000301172942","2021-09-24",20116080,2,4387.16,1075.47,3625.75,0.00,761.41,181.29000000000,"92.76",0.00,"539.98","535.48","","0.00","0.00",703
43,"B0000301172943","2021-09-24",20210388,10,12913.39,2869.45,9658.12,0.00,3255.27,482.91000000000,"273.03",0.00,"1085.97","1783.48","","0.00","1227.06",703
44,"B0000301172944","2021-09-24",20210574,2,6631.09,1958.95,5480.24,0.00,1150.85,274.01000000000,"140.20",0.00,"1382.97","575.99","","0.00","0.00",703
45,"B0000301172945","2021-09-24",20238550,2,2870.69,439.99,2372.47,0.00,498.22,118.62000000000,"60.70",0.00,"229.99","210.00","","0.00","0.00",703
46,"B0000301172946","2021-09-24",20390530,10,11069.80,2963.92,8279.27,0.00,2790.53,413.96000000000,"234.05",0.00,"1772.95","1190.97","","0.00","1051.88",703
47,"B0000301172947","2021-09-24",20505760,2,2517.20,415.99,2080.33,0.00,436.87,104.02000000000,"53.22",0.00,"255.99","160.00","","0.00","0.00",703
48,"B0000301172948","2021-09-24",20563353,10,15692.98,4638.37,11737.02,0.00,3955.96,586.85000000000,"331.80",0.00,"3208.91","1429.46","","0.00","1491.19",703
49,"B0000301172949","2021-09-24",20705107,2,9644.23,2149.45,7970.44,0.00,1673.79,398.52000000000,"203.91",0.00,"821.98","1327.47","","0.00","0.00",703
50,"B0000301172950","2021-09-24",20779607,10,12463.48,0.00,9321.63,0.00,3141.85,466.08000000000,"263.52",0.00,"0.00","0.00","","0.00","1184.31",703
51,"B0000301172951","2021-09-24",20785224,10,11401.46,1969.48,8527.32,0.00,2874.13,426.37000000000,"241.06",0.00,"0.00","1969.48","","0.00","1083.40",703
52,"B0000301172952","2021-09-24",20785267,2,8625.75,2266.45,7128.72,0.00,1497.03,356.44000000000,"182.38",0.00,"1319.96","946.48","","0.00","0.00",703
53,"B0000301172953","2021-09-24",20785364,2,2269.96,182.99,1876.00,0.00,393.96,93.80000000000,"47.99",0.00,"0.00","182.99","","0.00","0.00",703
54,"B0000301172954","2021-09-24",20785380,10,20240.79,7986.88,15138.39,0.00,5102.40,756.92000000000,"427.96",0.00,"7545.89","440.99","","0.00","1923.33",703
55,"B0000301172955","2021-09-24",20785429,2,4592.01,1394.96,3795.05,0.00,796.96,189.75000000000,"97.09",0.00,"1022.97","371.99","","0.00","0.00",703
56,"B0000301172956","2021-09-24",20828489,10,18472.60,6697.28,13815.94,0.00,4656.66,690.80000000000,"390.57",0.00,"5738.81","958.48","","0.00","1755.31",703
57,"B0000301172957","2021-09-24",20866003,10,19308.28,3789.40,14440.96,0.00,4867.33,722.05000000000,"408.24",0.00,"733.98","3055.42","","0.00","1834.72",703
58,"B0000301172958","2021-09-24",20866011,2,8624.06,2177.92,7127.32,0.00,1496.74,356.37000000000,"182.34",0.00,"1139.96","1037.96","","0.00","0.00",703
59,"B0000301172959","2021-09-24",20901500,2,6084.62,1268.96,5028.61,0.00,1056.01,251.43000000000,"128.65",0.00,"587.98","680.98","","0.00","0.00",703
60,"B0000301172960","2021-09-24",21046425,2,3241.44,1076.96,2678.88,0.00,562.56,133.94000000000,"68.53",0.00,"1076.96","0.00","","0.00","0.00",703
61,"B0000301172961","2021-09-24",21046522,2,4056.70,728.98,3352.64,0.00,704.06,167.63000000000,"85.77",0.00,"567.99","161.00","","0.00","0.00",703
62,"B0000301172962","2021-09-24",21046581,2,4907.69,995.98,4055.94,0.00,851.75,202.80000000000,"103.76",0.00,"831.98","164.00","","0.00","0.00",703
63,"B0000301172963","2021-09-24",21110573,2,3515.26,838.98,2905.18,0.00,610.09,145.26000000000,"74.32",0.00,"821.98","17.00","","0.00","0.00",703
64,"B0000301172964","2021-09-24",21140480,10,13984.98,5230.38,10459.58,0.00,3525.40,522.98000000000,"295.69",0.00,"4610.91","619.48","","0.00","1328.89",703
65,"B0000301172965","2021-09-24",21200300,2,7496.85,2731.43,6195.75,0.00,1301.11,309.79000000000,"158.51",0.00,"2411.94","319.49","","0.00","0.00",703
66,"B0000301172966","2021-09-24",21236496,10,13653.44,3164.93,10211.62,0.00,3441.83,510.58000000000,"288.68",0.00,"1370.97","1793.96","","0.00","1297.39",703
67,"B0000301172967","2021-09-24",21236518,10,13737.72,4022.39,10274.65,0.00,3463.07,513.73000000000,"290.46",0.00,"2784.93","1237.46","","0.00","1305.39",703
68,"B0000301172968","2021-09-24",21236526,2,3041.23,452.99,2513.41,0.00,527.82,125.67000000000,"64.30",0.00,"220.00","232.99","","0.00","0.00",703
69,"B0000301172969","2021-09-24",21260435,2,7459.08,1708.47,6164.53,0.00,1294.55,308.23000000000,"157.71",0.00,"713.99","994.48","","0.00","0.00",703
70,"B0000301172970","2021-09-24",21260524,2,9368.87,2388.93,7742.87,0.00,1626.00,387.14000000000,"198.09",0.00,"1269.96","1118.97","","0.00","0.00",703
71,"B0000301172971","2021-09-24",21289280,2,6491.67,1525.46,5365.02,0.00,1126.65,268.25000000000,"137.26",0.00,"686.98","838.48","","0.00","0.00",703
72,"B0000301172972","2021-09-24",21352518,2,1936.90,283.99,1600.75,0.00,336.16,80.04000000000,"40.95",0.00,"132.00","151.99","","0.00","0.00",703
73,"B0000301172973","2021-09-24",21386340,2,2944.18,447.99,2433.21,0.00,510.97,121.66000000000,"62.25",0.00,"229.99","217.99","","0.00","0.00",703
74,"B0000301172974","2021-09-24",21386510,2,2906.44,504.98,2402.01,0.00,504.42,120.10000000000,"61.45",0.00,"339.99","164.99","","0.00","0.00",703
75,"B0000301172975","2021-09-24",21386544,10,21438.82,4633.87,16034.42,0.00,5404.40,801.72000000000,"453.29",0.00,"1556.95","3076.92","","0.00","2037.17",703
76,"B0000301172976","2021-09-24",21411093,10,16430.12,6046.87,12288.34,0.00,4141.78,614.42000000000,"347.39",0.00,"5476.88","569.99","","0.00","1561.23",703
77,"B0000301172977","2021-09-24",21411212,10,11663.88,3992.41,8723.59,0.00,2940.29,436.18000000000,"246.61",0.00,"3446.43","545.98","","0.00","1108.33",703
78,"B0000301172978","2021-09-24",21440476,10,21643.16,4043.90,16187.25,0.00,5455.91,809.36000000000,"457.61",0.00,"518.99","3524.92","","0.00","2056.59",703
79,"B0000301172979","2021-09-24",21471762,2,3154.61,1001.97,2607.12,0.00,547.49,130.36000000000,"66.70",0.00,"821.97","179.99","","0.00","0.00",703
80,"B0000301172980","2021-09-24",21471770,2,4918.87,1274.96,4065.18,0.00,853.69,203.26000000000,"104.00",0.00,"722.98","551.98","","0.00","0.00",703
81,"B0000301172981","2021-09-24",21499357,2,6523.28,2014.45,5391.14,0.00,1132.14,269.56000000000,"137.92",0.00,"1568.96","445.48","","0.00","0.00",703
82,"B0000301172982","2021-09-24",21499390,2,9630.47,1832.96,7959.07,0.00,1671.40,397.95000000000,"203.62",0.00,"287.99","1544.97","","0.00","0.00",703
83,"B0000301172983","2021-09-24",21533555,2,5459.34,865.98,4511.86,0.00,947.49,225.59000000000,"115.43",0.00,"569.99","295.99","","0.00","0.00",703
84,"B0000301172984","2021-09-24",21583250,2,5354.13,628.98,4424.90,0.00,929.23,221.25000000000,"113.20",0.00,"84.00","544.99","","0.00","0.00",703
85,"B0000301172985","2021-09-24",21583420,2,3164.32,832.47,2615.14,0.00,549.18,130.76000000000,"66.90",0.00,"485.99","346.48","","0.00","0.00",703
86,"B0000301172986","2021-09-24",21584966,10,11102.05,2482.44,8303.39,0.00,2798.66,415.17000000000,"234.73",0.00,"959.97","1522.47","","0.00","1054.95",703
87,"B0000301172987","2021-09-24",21639434,2,4979.68,895.47,4115.44,0.00,864.24,205.77000000000,"105.29",0.00,"60.00","835.47","","0.00","0.00",703
88,"B0000301172988","2021-09-24",21681163,2,3001.41,471.98,2480.50,0.00,520.91,124.03000000000,"63.46",0.00,"261.99","209.99","","0.00","0.00",703
89,"B0000301172989","2021-09-24",21681198,10,11817.14,2012.46,8838.22,0.00,2978.92,441.91000000000,"249.85",0.00,"125.99","1886.46","","0.00","1122.90",703
90,"B0000301172990","2021-09-24",21714282,2,2261.76,245.99,1869.22,0.00,392.54,93.46000000000,"47.82",0.00,"0.00","245.99","","0.00","0.00",703
91,"B0000301172991","2021-09-24",21785481,2,4214.06,744.98,3482.69,0.00,731.37,174.13000000000,"89.10",0.00,"515.99","229.00","","0.00","0.00",703
92,"B0000301172992","2021-09-24",21869430,2,8095.08,1835.96,6690.15,0.00,1404.93,334.51000000000,"171.16",0.00,"743.98","1091.98","","0.00","0.00",703
93,"B0000301172993","2021-09-24",21869987,2,8110.80,1570.46,6703.14,0.00,1407.66,335.16000000000,"171.49",0.00,"287.99","1282.47","","0.00","0.00",703
94,"B0000301172994","2021-09-24",21906106,10,15085.25,5383.40,11282.49,0.00,3802.76,564.12000000000,"318.95",0.00,"4721.92","661.48","","0.00","1433.44",703
95,"B0000301172995","2021-09-24",21906300,2,5031.29,1724.96,4158.09,0.00,873.20,207.90000000000,"106.38",0.00,"1454.96","269.99","","0.00","0.00",703
96,"B0000301172996","2021-09-24",21906440,2,8541.44,3408.93,7059.04,0.00,1482.40,352.95000000000,"180.59",0.00,"3186.94","221.99","","0.00","0.00",703
97,"B0000301172997","2021-09-24",21964157,2,2479.36,492.98,2049.06,0.00,430.30,102.45000000000,"52.42",0.00,"401.99","91.00","","0.00","0.00",703
98,"B0000301172998","2021-09-24",21964246,10,14115.63,3502.41,10557.29,0.00,3558.33,527.86000000000,"298.45",0.00,"1808.96","1693.45","","0.00","1341.30",703
99,"B0000301172999","2021-09-24",21964254,10,14167.87,2801.44,10596.37,0.00,3571.51,529.82000000000,"299.56",0.00,"582.98","2218.46","","0.00","1346.27",703
100,"B0000301173000","2021-09-24",21964297,2,6767.51,2325.43,5592.99,0.00,1174.53,279.65000000000,"143.09",0.00,"1921.95","403.48","","0.00","0.00",703
101,"B0000301173001","2021-09-24",22018115,2,9953.27,3626.92,8225.85,0.00,1727.43,411.29000000000,"210.45",0.00,"3227.93","398.99","","0.00","0.00",703
102,"B0000301173002","2021-09-24",22018697,2,8201.18,1641.95,6777.83,0.00,1423.35,338.89000000000,"173.40",0.00,"425.99","1215.96","","0.00","0.00",703
103,"B0000301173003","2021-09-24",22018921,2,8907.09,1670.95,7361.23,0.00,1545.86,368.06000000000,"188.33",0.00,"225.00","1445.95","","0.00","0.00",703
104,"B0000301173004","2021-09-24",22019448,2,8241.06,1892.95,6810.80,0.00,1430.27,340.54000000000,"174.24",0.00,"797.98","1094.97","","0.00","0.00",703
105,"B0000301173005","2021-09-24",22019529,2,1809.19,168.99,1495.20,0.00,313.99,74.76000000000,"38.25",0.00,"112.00","57.00","","0.00","0.00",703
106,"B0000301173006","2021-09-24",22019570,2,4485.80,698.99,3707.28,0.00,778.53,185.36000000000,"94.84",0.00,"380.00","318.99","","0.00","0.00",703
107,"B0000301173007","2021-09-24",22019880,10,12444.28,3508.40,9307.26,0.00,3137.01,465.36000000000,"263.11",0.00,"2408.94","1099.45","","0.00","1182.49",703
108,"B0000301173008","2021-09-24",22019960,2,4839.72,742.48,3999.77,0.00,839.95,199.99000000000,"102.33",0.00,"0.00","742.48","","0.00","0.00",703
109,"B0000301173009","2021-09-24",22020071,2,6250.03,1241.97,5165.31,0.00,1084.72,258.27000000000,"132.15",0.00,"347.99","893.98","","0.00","0.00",703
110,"B0000301173010","2021-09-24",22020101,2,3564.78,910.47,2946.10,0.00,618.68,147.31000000000,"75.37",0.00,"500.98","409.48","","0.00","0.00",703
111,"B0000301173011","2021-09-24",22100709,10,11577.01,3827.41,8658.62,0.00,2918.39,432.93000000000,"244.78",0.00,"3123.93","703.48","","0.00","1100.08",703
112,"B0000301173012","2021-09-24",22100717,2,9741.04,2144.97,8050.45,0.00,1690.59,402.52000000000,"205.96",0.00,"785.98","1358.98","","0.00","0.00",703
113,"B0000301173013","2021-09-24",22155589,2,5337.79,834.98,4411.39,0.00,926.39,220.57000000000,"112.86",0.00,"457.99","376.99","","0.00","0.00",703
114,"B0000301173014","2021-09-24",22155910,2,2202.59,453.99,1820.32,0.00,382.27,91.02000000000,"46.57",0.00,"385.99","68.00","","0.00","0.00",703
115,"B0000301173015","2021-09-24",22156089,2,1583.48,115.00,1308.66,0.00,274.82,65.43000000000,"33.48",0.00,"0.00","115.00","","0.00","0.00",703
116,"B0000301173016","2021-09-24",22202285,2,5128.41,649.99,4238.36,0.00,890.06,211.92000000000,"108.43",0.00,"215.99","433.99","","0.00","0.00",703
117,"B0000301173017","2021-09-24",22221565,2,2514.11,508.99,2077.78,0.00,436.33,103.89000000000,"53.16",0.00,"423.99","85.00","","0.00","0.00",703
118,"B0000301173018","2021-09-24",22221581,2,3187.32,449.99,2634.15,0.00,553.17,131.71000000000,"67.39",0.00,"186.00","263.99","","0.00","0.00",703
119,"B0000301173019","2021-09-24",22306889,2,2389.49,460.98,1974.78,0.00,414.70,98.74000000000,"50.52",0.00,"361.99","99.00","","0.00","0.00",703
120,"B0000301173020","2021-09-24",22307109,2,5801.57,1160.97,4794.69,0.00,1006.88,239.73000000000,"122.66",0.00,"269.99","890.98","","0.00","0.00",703
121,"B0000301173021","2021-09-24",22348450,10,16612.91,4622.87,12425.05,0.00,4187.86,621.25000000000,"351.25",0.00,"3014.91","1607.96","","0.00","1578.60",703
122,"B0000301173022","2021-09-24",22348565,10,15840.22,3184.45,11847.14,0.00,3993.08,592.36000000000,"334.91",0.00,"761.98","2422.46","","0.00","1505.18",703
123,"B0000301173023","2021-09-24",22387749,2,5657.00,1342.47,4675.21,0.00,981.79,233.76000000000,"119.61",0.00,"659.98","682.48","","0.00","0.00",703
124,"B0000301173024","2021-09-24",22387854,10,64995.97,16207.22,48611.47,0.00,16384.50,2430.57000000000,"1374.23",0.00,"8064.81","8142.41","","0.00","6176.09",703
125,"B0000301173025","2021-09-24",22392947,2,8754.55,1870.45,7235.16,0.00,1519.38,361.76000000000,"185.10",0.00,"1235.97","634.48","","0.00","0.00",703
126,"B0000301173026","2021-09-24",22394907,2,2304.68,383.99,1904.69,0.00,399.99,95.23000000000,"48.73",0.00,"239.99","144.00","","0.00","0.00",703
127,"B0000301173027","2021-09-24",22394982,2,5447.62,1777.46,4502.17,0.00,945.45,225.11000000000,"115.18",0.00,"1421.97","355.49","","0.00","0.00",703
128,"B0000301173028","2021-09-24",22395245,2,7357.95,1807.45,6080.95,0.00,1277.00,304.05000000000,"155.57",0.00,"911.97","895.48","","0.00","0.00",703
129,"B0000301173029","2021-09-24",22395393,2,6513.59,1733.95,5383.13,0.00,1130.46,269.16000000000,"137.72",0.00,"1034.97","698.98","","0.00","0.00",703
130,"B0000301173030","2021-09-24",22395563,10,11192.93,2733.43,8371.36,0.00,2821.57,418.57000000000,"236.66",0.00,"1309.97","1423.46","","0.00","1063.58",703
131,"B0000301173031","2021-09-24",22395784,2,5002.20,1663.44,4134.05,0.00,868.15,206.70000000000,"105.76",0.00,"1358.96","304.49","","0.00","0.00",703
132,"B0000301173032","2021-09-24",22396233,2,7370.74,1694.96,6091.52,0.00,1279.22,304.58000000000,"155.84",0.00,"716.98","977.98","","0.00","0.00",703
133,"B0000301173033","2021-09-24",22397094,10,10570.89,2212.46,7906.13,0.00,2664.76,395.31000000000,"223.50",0.00,"656.98","1555.48","","0.00","1004.47",703
134,"B0000301173034","2021-09-24",22406247,2,5886.36,1757.96,4864.76,0.00,1021.60,243.24000000000,"124.46",0.00,"1259.98","497.98","","0.00","0.00",703
135,"B0000301173035","2021-09-24",22407952,10,16593.47,5336.87,12410.51,0.00,4182.96,620.53000000000,"350.84",0.00,"4271.91","1064.96","","0.00","1576.75",703
136,"B0000301173036","2021-09-24",22451080,2,1697.85,148.00,1403.18,0.00,294.67,70.16000000000,"35.90",0.00,"0.00","148.00","","0.00","0.00",703
137,"B0000301173037","2021-09-24",22451200,10,12777.06,3602.92,9556.16,0.00,3220.90,477.81000000000,"270.15",0.00,"2348.95","1253.97","","0.00","1214.11",703
138,"B0000301173038","2021-09-24",22451455,2,4110.84,1005.98,3397.39,0.00,713.45,169.87000000000,"86.92",0.00,"1005.98","0.00","","0.00","0.00",703
139,"B0000301173039","2021-09-24",22451471,2,3752.34,1376.96,3101.11,0.00,651.23,155.06000000000,"79.34",0.00,"1238.96","137.99","","0.00","0.00",703
140,"B0000301173040","2021-09-24",22451501,2,7679.82,1612.47,6346.95,0.00,1332.86,317.35000000000,"162.38",0.00,"485.99","1126.48","","0.00","0.00",703
141,"B0000301173041","2021-09-24",22451595,2,8198.17,1924.95,6775.35,0.00,1422.82,338.77000000000,"173.34",0.00,"814.98","1109.97","","0.00","0.00",703
142,"B0000301173042","2021-09-24",22452141,2,5634.50,1114.46,4656.61,0.00,977.89,232.83000000000,"119.13",0.00,"239.99","874.47","","0.00","0.00",703
143,"B0000301173043","2021-09-24",22452630,10,10684.20,3031.44,7990.88,0.00,2693.33,399.54000000000,"225.90",0.00,"2015.96","1015.47","","0.00","1015.24",703
144,"B0000301173044","2021-09-24",22498079,2,5879.73,1324.47,4859.28,0.00,1020.45,242.96000000000,"124.32",0.00,"593.98","730.48","","0.00","0.00",703
145,"B0000301173045","2021-09-24",22498257,2,3072.94,751.99,2539.62,0.00,533.32,126.98000000000,"64.97",0.00,"751.99","0.00","","0.00","0.00",703
146,"B0000301173046","2021-09-24",22498982,10,25671.46,5510.90,19200.08,0.00,6471.39,960.00000000000,"542.78",0.00,"1829.94","3680.96","","0.00","2439.37",703
147,"B0000301173047","2021-09-24",22499202,2,7395.75,1690.47,6112.19,0.00,1283.56,305.61000000000,"156.37",0.00,"701.99","988.48","","0.00","0.00",703
148,"B0000301173048","2021-09-24",22499210,10,125473.21,52632.15,93843.32,0.00,31629.89,4692.17000000000,"2652.92",0.00,"50815.18","1816.97","","0.00","11922.79",703
149,"B0000301173049","2021-09-24",22499300,2,1103.36,120.00,911.87,0.00,191.49,45.59000000000,"23.33",0.00,"0.00","120.00","","0.00","0.00",703
150,"B0000301173050","2021-09-24",22502351,2,4530.76,1014.98,3744.43,0.00,786.33,187.22000000000,"95.80",0.00,"939.99","75.00","","0.00","0.00",703
151,"B0000301173051","2021-09-24",22502475,2,5777.49,1174.46,4774.79,0.00,1002.71,238.74000000000,"122.16",0.00,"300.00","874.47","","0.00","0.00",703
152,"B0000301173052","2021-09-24",22503560,10,12235.99,3232.44,9151.49,0.00,3084.51,457.57000000000,"258.71",0.00,"1901.97","1330.46","","0.00","1162.70",703
153,"B0000301173053","2021-09-24",22503714,2,2643.85,431.99,2185.00,0.00,458.85,109.25000000000,"55.90",0.00,"259.99","171.99","","0.00","0.00",703
154,"B0000301173054","2021-09-24",22534830,2,4783.98,1016.96,3953.70,0.00,830.28,197.69000000000,"101.15",0.00,"455.99","560.97","","0.00","0.00",703
155,"B0000301173055","2021-09-24",22535179,2,3290.53,688.98,2719.45,0.00,571.08,135.97000000000,"69.57",0.00,"595.98","93.00","","0.00","0.00",703
156,"B0000301173056","2021-09-24",22535225,2,4032.16,1022.97,3332.37,0.00,699.80,166.62000000000,"85.25",0.00,"752.98","269.99","","0.00","0.00",703
157,"B0000301173057","2021-09-24",22535268,2,3306.85,492.98,2732.94,0.00,573.92,136.65000000000,"69.92",0.00,"239.99","252.99","","0.00","0.00",703
158,"B0000301173058","2021-09-24",22567232,10,20261.13,5456.91,15153.60,0.00,5107.52,757.68000000000,"428.39",0.00,"3326.94","2129.97","","0.00","1925.27",703
159,"B0000301173059","2021-09-24",22568786,2,4659.41,1358.96,3850.75,0.00,808.66,192.54000000000,"98.52",0.00,"941.97","416.98","","0.00","0.00",703
160,"B0000301173060","2021-09-24",22575057,2,7444.16,2132.93,6152.20,0.00,1291.96,307.61000000000,"157.39",0.00,"1439.96","692.97","","0.00","0.00",703
161,"B0000301173061","2021-09-24",22575073,2,7803.35,2371.44,6449.05,0.00,1354.30,322.45000000000,"164.99",0.00,"1670.96","700.48","","0.00","0.00",703
162,"B0000301173062","2021-09-24",22575677,2,3940.21,472.98,3256.38,0.00,683.84,162.82000000000,"83.31",0.00,"80.00","392.99","","0.00","0.00",703
163,"B0000301173063","2021-09-24",22575766,10,12738.16,2620.95,9527.07,0.00,3211.10,476.35000000000,"269.33",0.00,"664.99","1955.97","","0.00","1210.41",703
164,"B0000301173064","2021-09-24",22575790,2,4157.32,1000.47,3435.80,0.00,721.52,171.79000000000,"87.90",0.00,"479.98","520.48","","0.00","0.00",703
165,"B0000301173065","2021-09-24",22576053,2,7741.08,1642.47,6397.59,0.00,1343.49,319.88000000000,"163.67",0.00,"518.98","1123.48","","0.00","0.00",703
166,"B0000301173066","2021-09-24",22576410,2,6144.81,1244.97,5078.36,0.00,1066.46,253.92000000000,"129.92",0.00,"311.99","932.98","","0.00","0.00",703
167,"B0000301173067","2021-09-24",22577190,10,23897.91,5966.89,17873.61,0.00,6024.30,893.68000000000,"505.28",0.00,"3372.93","2593.96","","0.00","2270.84",703
168,"B0000301173068","2021-09-24",22577270,2,4658.46,969.99,3849.97,0.00,808.49,192.50000000000,"98.50",0.00,"879.99","90.00","","0.00","0.00",703
169,"B0000301173069","2021-09-24",22577335,2,8086.47,3079.44,6683.03,0.00,1403.44,334.15000000000,"170.97",0.00,"2894.95","184.49","","0.00","0.00",703
170,"B0000301173070","2021-09-24",22624708,2,5742.81,1648.46,4746.12,0.00,996.69,237.31000000000,"121.42",0.00,"1115.97","532.48","","0.00","0.00",703
171,"B0000301173071","2021-09-24",22624910,2,6027.83,1999.45,4981.68,0.00,1046.15,249.08000000000,"127.45",0.00,"1628.96","370.49","","0.00","0.00",703
172,"B0000301173072","2021-09-24",22626255,2,6173.90,1366.46,5102.40,0.00,1071.50,255.12000000000,"130.54",0.00,"509.99","856.48","","0.00","0.00",703
173,"B0000301173073","2021-09-24",22627294,2,4620.60,1136.96,3818.68,0.00,801.92,190.93000000000,"97.69",0.00,"575.98","560.98","","0.00","0.00",703
174,"B0000301173074","2021-09-24",22634690,2,5333.71,918.98,4408.02,0.00,925.69,220.40000000000,"112.77",0.00,"609.99","309.00","","0.00","0.00",703
175,"B0000301173075","2021-09-24",22634754,2,5375.55,1817.94,4442.61,0.00,932.95,222.13000000000,"113.66",0.00,"1511.95","305.99","","0.00","0.00",703
176,"B0000301173076","2021-09-24",22671161,2,4719.18,970.47,3900.15,0.00,819.03,195.01000000000,"99.78",0.00,"263.99","706.48","","0.00","0.00",703
177,"B0000301173077","2021-09-24",22677526,2,4131.26,705.98,3414.26,0.00,717.00,170.71000000000,"87.35",0.00,"461.99","243.99","","0.00","0.00",703
178,"B0000301173078","2021-09-24",22677615,2,7658.86,982.98,6329.64,0.00,1329.22,316.48000000000,"161.93",0.00,"269.99","712.99","","0.00","0.00",703
179,"B0000301173079","2021-09-24",22677666,2,4168.04,929.97,3444.66,0.00,723.38,172.23000000000,"88.13",0.00,"356.99","572.98","","0.00","0.00",703
180,"B0000301173080","2021-09-24",22677674,2,6386.43,1558.45,5278.04,0.00,1108.39,263.90000000000,"135.03",0.00,"773.97","784.48","","0.00","0.00",703
181,"B0000301173081","2021-09-24",22677771,2,5090.58,1076.98,4207.09,0.00,883.49,210.35000000000,"107.63",0.00,"941.98","135.00","","0.00","0.00",703
182,"B0000301173082","2021-09-24",22677879,2,4387.69,1604.96,3626.19,0.00,761.50,181.31000000000,"92.77",0.00,"1439.97","164.99","","0.00","0.00",703
183,"B0000301173083","2021-09-24",22677984,2,5333.72,738.98,4408.03,0.00,925.69,220.40000000000,"112.77",0.00,"285.99","452.99","","0.00","0.00",703
184,"B0000301173084","2021-09-24",22678000,2,6849.70,1289.97,5660.91,0.00,1188.79,283.05000000000,"144.83",0.00,"216.00","1073.97","","0.00","0.00",703
185,"B0000301173085","2021-09-24",22678018,2,6039.05,1378.46,4990.95,0.00,1048.10,249.55000000000,"127.69",0.00,"569.98","808.48","","0.00","0.00",703
186,"B0000301173086","2021-09-24",22678980,10,13326.50,3644.87,9967.09,0.00,3359.41,498.35000000000,"281.77",0.00,"2282.92","1361.95","","0.00","1266.32",703
187,"B0000301173087","2021-09-24",22679480,10,14809.17,4013.38,11076.01,0.00,3733.17,553.80000000000,"313.11",0.00,"2373.95","1639.43","","0.00","1407.21",703
188,"B0000301173088","2021-09-24",22679537,10,134153.56,45120.11,100335.48,0.00,33818.07,5016.77000000000,"2836.45",0.00,"34950.26","10169.85","","0.00","12747.62",703
189,"B0000301173089","2021-09-24",22682015,2,4379.48,1052.96,3619.41,0.00,760.08,180.97000000000,"92.60",0.00,"503.98","548.98","","0.00","0.00",703
190,"B0000301173090","2021-09-24",22684778,2,6345.51,1828.45,5244.22,0.00,1101.29,262.21000000000,"134.17",0.00,"1229.97","598.48","","0.00","0.00",703
191,"B0000301173091","2021-09-24",22684824,2,5114.08,2003.96,4226.51,0.00,887.57,211.33000000000,"108.13",0.00,"1904.96","99.00","","0.00","0.00",703
192,"B0000301173092","2021-09-24",22699848,2,4269.14,1340.96,3528.22,0.00,740.93,176.41000000000,"90.26",0.00,"1025.97","314.99","","0.00","0.00",703
193,"B0000301173093","2021-09-24",22699864,2,2594.81,959.98,2144.47,0.00,450.34,107.22000000000,"54.86",0.00,"869.98","89.99","","0.00","0.00",703
194,"B0000301173094","2021-09-24",22704469,10,13067.17,2918.96,9773.14,0.00,3294.04,488.66000000000,"276.28",0.00,"1124.98","1793.98","","0.00","1241.68",703
195,"B0000301173095","2021-09-24",22709533,10,21693.81,6144.35,16225.13,0.00,5468.68,811.26000000000,"458.68",0.00,"3898.91","2245.45","","0.00","2061.40",703
196,"B0000301173096","2021-09-24",22709568,2,7165.85,1825.45,5922.19,0.00,1243.66,296.11000000000,"151.51",0.00,"998.98","826.47","","0.00","0.00",703
197,"B0000301173097","2021-09-24",22709576,2,3877.92,673.98,3204.89,0.00,673.03,160.24000000000,"81.99",0.00,"453.99","219.99","","0.00","0.00",703
198,"B0000301173098","2021-09-24",22709584,10,17436.96,4531.41,13041.37,0.00,4395.59,652.07000000000,"368.68",0.00,"2582.94","1948.47","","0.00","1656.91",703
199,"B0000301173099","2021-09-24",22709606,2,3933.12,699.98,3250.52,0.00,682.61,162.53000000000,"83.16",0.00,"489.99","210.00","","0.00","0.00",703
200,"B0000301173100","2021-09-24",22715851,10,10637.75,1616.96,7956.14,0.00,2681.62,397.81000000000,"224.92",0.00,"434.98","1181.98","","0.00","1010.83",703
201,"B0000301173101","2021-09-24",22717935,2,6731.70,2335.44,5563.39,0.00,1168.31,278.17000000000,"142.33",0.00,"1937.95","397.48","","0.00","0.00",703
202,"B0000301173102","2021-09-24",22717943,2,6624.91,1214.97,5475.13,0.00,1149.78,273.76000000000,"140.07",0.00,"120.00","1094.97","","0.00","0.00",703
203,"B0000301173103","2021-09-24",22718249,2,6668.87,1901.95,5511.46,0.00,1157.41,275.57000000000,"141.00",0.00,"1274.96","626.99","","0.00","0.00",703
204,"B0000301173104","2021-09-24",22718818,2,4084.27,521.99,3375.43,0.00,708.84,168.77000000000,"86.35",0.00,"140.00","381.99","","0.00","0.00",703
205,"B0000301173105","2021-09-24",22718834,2,2544.79,418.99,2103.13,0.00,441.66,105.16000000000,"53.81",0.00,"255.99","162.99","","0.00","0.00",703
206,"B0000301173106","2021-09-24",22718958,2,6833.81,2070.43,5647.78,0.00,1186.03,282.39000000000,"144.49",0.00,"1585.95","484.48","","0.00","0.00",703
207,"B0000301173107","2021-09-24",22718982,2,4009.74,1454.96,3313.83,0.00,695.91,165.69000000000,"84.78",0.00,"1295.96","159.00","","0.00","0.00",703
208,"B0000301173108","2021-09-24",22719199,2,4135.33,1271.96,3417.63,0.00,717.70,170.88000000000,"87.43",0.00,"947.97","323.99","","0.00","0.00",703
209,"B0000301173109","2021-09-24",22719318,2,8582.34,1928.96,7092.84,0.00,1489.50,354.64000000000,"181.46",0.00,"758.98","1169.98","","0.00","0.00",703
210,"B0000301173110","2021-09-24",22719334,2,6913.56,1762.46,5713.69,0.00,1199.87,285.68000000000,"146.18",0.00,"965.97","796.48","","0.00","0.00",703
211,"B0000301173111","2021-09-24",22719776,2,4927.10,701.98,4071.98,0.00,855.12,203.60000000000,"104.18",0.00,"321.99","379.99","","0.00","0.00",703
212,"B0000301173112","2021-09-24",22721185,2,4357.04,1334.96,3600.86,0.00,756.18,180.04000000000,"92.12",0.00,"989.97","344.99","","0.00","0.00",703
213,"B0000301173113","2021-09-24",22721274,2,8853.98,2132.93,7317.34,0.00,1536.64,365.87000000000,"187.20",0.00,"1025.97","1106.96","","0.00","0.00",703
214,"B0000301173114","2021-09-24",22723668,10,10433.37,3466.90,7803.28,0.00,2630.09,390.16000000000,"220.60",0.00,"2854.92","611.98","","0.00","991.41",703
215,"B0000301173115","2021-09-24",22754890,2,3163.85,452.99,2614.75,0.00,549.10,130.74000000000,"66.89",0.00,"195.99","256.99","","0.00","0.00",703
216,"B0000301173116","2021-09-24",22754911,10,13029.36,1985.98,9744.86,0.00,3284.51,487.24000000000,"275.48",0.00,"0.00","1985.98","","0.00","1238.08",703
217,"B0000301173117","2021-09-24",22754938,2,5146.72,781.98,4253.49,0.00,893.23,212.67000000000,"108.82",0.00,"499.99","281.99","","0.00","0.00",703
218,"B0000301173118","2021-09-24",22760997,10,11894.25,2576.94,8895.89,0.00,2998.36,444.79000000000,"251.48",0.00,"965.98","1610.96","","0.00","1130.22",703
219,"B0000301173119","2021-09-24",22761080,10,10549.39,2233.46,7890.05,0.00,2659.34,394.50000000000,"223.05",0.00,"698.98","1534.47","","0.00","1002.43",703
220,"B0000301173120","2021-09-24",22761217,10,16081.19,3718.41,12027.37,0.00,4053.82,601.37000000000,"340.01",0.00,"1598.96","2119.45","","0.00","1528.08",703
221,"B0000301173121","2021-09-24",22763325,2,9164.76,1068.99,7574.19,0.00,1590.58,378.71000000000,"193.77",0.00,"130.00","938.99","","0.00","0.00",703
222,"B0000301173122","2021-09-24",22764216,10,10092.21,2680.95,7548.11,0.00,2544.09,377.41000000000,"213.38",0.00,"1543.97","1136.97","","0.00","958.99",703
223,"B0000301173123","2021-09-24",22764984,2,4811.66,919.98,3976.58,0.00,835.08,198.83000000000,"101.73",0.00,"839.99","80.00","","0.00","0.00",703
224,"B0000301173124","2021-09-24",22788123,2,4813.18,1318.47,3977.84,0.00,835.35,198.89000000000,"101.77",0.00,"827.98","490.48","","0.00","0.00",703
225,"B0000301173125","2021-09-24",22788131,10,13943.51,3380.91,10428.57,0.00,3514.95,521.43000000000,"294.81",0.00,"1652.95","1727.96","","0.00","1324.95",703
226,"B0000301173126","2021-09-24",22788204,2,4942.90,1441.46,4085.04,0.00,857.86,204.25000000000,"104.51",0.00,"998.98","442.48","","0.00","0.00",703
227,"B0000301173127","2021-09-24",22794298,2,9128.39,2614.46,7544.12,0.00,1584.27,377.21000000000,"193.00",0.00,"1763.96","850.49","","0.00","0.00",703
228,"B0000301173128","2021-09-24",22794344,2,7271.59,1901.94,6009.57,0.00,1262.01,300.48000000000,"153.75",0.00,"1166.96","734.98","","0.00","0.00",703
229,"B0000301173129","2021-09-24",22794409,2,6381.33,1813.45,5273.83,0.00,1107.50,263.69000000000,"134.92",0.00,"1208.97","604.48","","0.00","0.00",703
230,"B0000301173130","2021-09-24",22794565,2,3457.01,375.99,2857.04,0.00,599.98,142.85000000000,"73.09",0.00,"0.00","375.99","","0.00","0.00",703
231,"B0000301173131","2021-09-24",22827013,2,6182.09,1258.47,5109.17,0.00,1072.93,255.46000000000,"130.71",0.00,"323.99","934.47","","0.00","0.00",703
232,"B0000301173132","2021-09-24",22827145,10,13601.92,2605.46,10173.08,0.00,3428.84,508.65000000000,"287.59",0.00,"434.99","2170.47","","0.00","1292.49",703
233,"B0000301173133","2021-09-24",22827250,10,14790.00,2992.45,11061.67,0.00,3728.34,553.08000000000,"312.71",0.00,"743.98","2248.46","","0.00","1405.38",703
234,"B0000301173134","2021-09-24",22827315,2,4435.69,767.98,3665.86,0.00,769.83,183.29000000000,"93.79",0.00,"513.99","253.99","","0.00","0.00",703
235,"B0000301173135","2021-09-24",22827404,2,9205.53,2903.93,7607.87,0.00,1597.65,380.39000000000,"194.64",0.00,"2267.95","635.98","","0.00","0.00",703
236,"B0000301173136","2021-09-24",22827528,2,8576.10,2054.94,7087.69,0.00,1488.41,354.38000000000,"181.33",0.00,"974.98","1079.96","","0.00","0.00",703
237,"B0000301173137","2021-09-24",22829407,10,12502.09,3851.90,9350.50,0.00,3151.59,467.53000000000,"264.34",0.00,"2813.93","1037.97","","0.00","1187.98",703
238,"B0000301173138","2021-09-24",22829466,2,6110.10,1958.96,5049.67,0.00,1060.43,252.48000000000,"129.19",0.00,"1535.97","422.99","","0.00","0.00",703
239,"B0000301173139","2021-09-24",22829601,10,17328.13,6197.91,12959.97,0.00,4368.16,648.00000000000,"366.37",0.00,"5447.93","749.98","","0.00","1646.56",703
240,"B0000301173140","2021-09-24",22829628,10,10448.19,3292.42,7814.36,0.00,2633.83,390.72000000000,"220.91",0.00,"2513.94","778.47","","0.00","992.81",703
241,"B0000301173141","2021-09-24",22829830,10,18541.20,4540.40,13867.25,0.00,4673.96,693.36000000000,"392.02",0.00,"2885.93","1654.47","","0.00","1761.83",703
242,"B0000301173142","2021-09-24",22830022,2,5113.05,1544.97,4225.66,0.00,887.39,211.28000000000,"108.11",0.00,"1124.97","419.99","","0.00","0.00",703
243,"B0000301173143","2021-09-24",22830065,2,3521.48,1262.96,2910.31,0.00,611.17,145.52000000000,"74.46",0.00,"1112.96","150.00","","0.00","0.00",703
244,"B0000301173144","2021-09-24",22862595,10,11424.90,2626.44,8544.85,0.00,2880.04,427.24000000000,"241.56",0.00,"1109.97","1516.47","","0.00","1085.62",703
245,"B0000301173145","2021-09-24",22863397,2,3769.66,859.98,3115.42,0.00,654.24,155.77000000000,"79.70",0.00,"809.98","50.00","","0.00","0.00",703
246,"B0000301173146","2021-09-24",22871357,2,3773.70,905.97,3118.76,0.00,654.94,155.94000000000,"79.79",0.00,"431.99","473.98","","0.00","0.00",703
247,"B0000301173147","2021-09-24",22871373,2,7712.53,2500.44,6373.99,0.00,1338.54,318.70000000000,"163.07",0.00,"1985.95","514.49","","0.00","0.00",703
248,"B0000301173148","2021-09-24",22872876,2,6371.08,1813.44,5265.35,0.00,1105.72,263.27000000000,"134.71",0.00,"1211.96","601.48","","0.00","0.00",703
249,"B0000301173149","2021-09-24",22903160,2,3235.34,992.96,2673.84,0.00,561.51,133.69000000000,"68.41",0.00,"737.98","254.99","","0.00","0.00",703
250,"B0000301173150","2021-09-24",22903178,2,7911.12,2285.94,6538.11,0.00,1373.00,326.91000000000,"167.27",0.00,"1562.96","722.98","","0.00","0.00",703
251,"B0000301173151","2021-09-24",22903194,2,4876.53,1336.47,4030.19,0.00,846.34,201.51000000000,"103.11",0.00,"839.98","496.49","","0.00","0.00",703
252,"B0000301173152","2021-09-24",22903755,2,9962.89,2287.43,8233.79,0.00,1729.10,411.69000000000,"210.65",0.00,"962.97","1324.46","","0.00","0.00",703
253,"B0000301173153","2021-09-24",22905260,2,6755.77,836.98,5583.28,0.00,1172.49,279.16000000000,"142.84",0.00,"283.99","552.99","","0.00","0.00",703
254,"B0000301173154","2021-09-24",22905332,2,7343.17,1871.96,6068.74,0.00,1274.43,303.44000000000,"155.26",0.00,"1025.97","845.99","","0.00","0.00",703
255,"B0000301173155","2021-09-24",22908242,10,16394.77,2911.42,12261.90,0.00,4132.87,613.10000000000,"346.64",0.00,"135.00","2776.43","","0.00","1557.87",703
256,"B0000301173156","2021-09-24",22908471,2,3272.14,676.98,2704.25,0.00,567.89,135.21000000000,"69.18",0.00,"577.98","99.00","","0.00","0.00",703
257,"B0000301173157","2021-09-24",22908560,2,8516.43,2473.44,7038.37,0.00,1478.06,351.92000000000,"180.07",0.00,"1703.95","769.49","","0.00","0.00",703
258,"B0000301173158","2021-09-24",22910727,10,11927.43,2074.45,8920.71,0.00,3006.73,446.04000000000,"252.19",0.00,"302.99","1771.46","","0.00","1133.38",703
259,"B0000301173159","2021-09-24",22941398,2,4096.57,919.98,3385.60,0.00,710.98,169.28000000000,"86.62",0.00,"853.99","66.00","","0.00","0.00",703
260,"B0000301173160","2021-09-24",22941479,2,4388.75,653.99,3627.07,0.00,761.68,181.35000000000,"92.79",0.00,"317.99","336.00","","0.00","0.00",703
261,"B0000301173161","2021-09-24",22941517,2,8164.45,2387.93,6747.48,0.00,1416.97,337.37000000000,"172.62",0.00,"1646.95","740.98","","0.00","0.00",703
262,"B0000301173162","2021-09-24",22941630,2,7255.30,2327.94,5996.11,0.00,1259.18,299.81000000000,"153.40",0.00,"1811.96","515.99","","0.00","0.00",703
263,"B0000301173163","2021-09-24",22942513,2,4833.65,1468.46,3994.75,0.00,838.90,199.74000000000,"102.20",0.00,"1076.97","391.49","","0.00","0.00",703
264,"B0000301173164","2021-09-24",22943609,2,5820.96,1781.95,4810.71,0.00,1010.25,240.54000000000,"123.07",0.00,"1319.97","461.98","","0.00","0.00",703
265,"B0000301173165","2021-09-24",22947205,2,3297.65,631.98,2725.33,0.00,572.32,136.27000000000,"69.72",0.00,"491.98","140.00","","0.00","0.00",703
266,"B0000301173166","2021-09-24",22947213,2,5227.41,1502.96,4320.18,0.00,907.24,216.01000000000,"110.52",0.00,"1292.96","210.00","","0.00","0.00",703
267,"B0000301173167","2021-09-24",22947698,2,4448.98,1454.96,3676.84,0.00,772.14,183.84000000000,"94.07",0.00,"1166.97","287.99","","0.00","0.00",703
268,"B0000301173168","2021-09-24",22951385,2,4176.26,836.98,3451.45,0.00,724.80,172.57000000000,"88.30",0.00,"759.98","77.00","","0.00","0.00",703
269,"B0000301173169","2021-09-24",22952306,2,9690.79,1673.97,8008.92,0.00,1681.87,400.45000000000,"204.90",0.00,"0.00","1673.97","","0.00","0.00",703
270,"B0000301173170","2021-09-24",22952314,2,4634.94,772.98,3830.53,0.00,804.41,191.53000000000,"98.00",0.00,"483.99","288.99","","0.00","0.00",703
271,"B0000301173171","2021-09-24",22953655,10,15693.15,3808.43,11737.14,0.00,3956.00,586.86000000000,"331.80",0.00,"1865.96","1942.47","","0.00","1491.20",703
272,"B0000301173172","2021-09-24",22955828,2,2999.40,623.99,2478.84,0.00,520.56,123.94000000000,"63.42",0.00,"535.99","88.00","","0.00","0.00",703
273,"B0000301173173","2021-09-24",22955836,2,5694.37,785.99,4706.09,0.00,988.28,235.30000000000,"120.40",0.00,"299.99","486.00","","0.00","0.00",703
274,"B0000301173174","2021-09-24",22955844,2,7316.58,1187.98,6046.76,0.00,1269.82,302.34000000000,"154.70",0.00,"0.00","1187.98","","0.00","0.00",703
275,"B0000301173175","2021-09-24",22979832,2,8552.27,2458.44,7067.99,0.00,1484.28,353.40000000000,"180.82",0.00,"1667.96","790.48","","0.00","0.00",703
276,"B0000301173176","2021-09-24",22979921,2,6008.43,1738.45,4965.64,0.00,1042.79,248.28000000000,"127.04",0.00,"1190.97","547.48","","0.00","0.00",703
277,"B0000301173177","2021-09-24",22980210,2,2578.49,555.99,2130.98,0.00,447.51,106.55000000000,"54.52",0.00,"495.99","60.00","","0.00","0.00",703
278,"B0000301173178","2021-09-24",22980229,2,4471.99,1492.46,3695.86,0.00,776.13,184.79000000000,"94.55",0.00,"1223.97","268.49","","0.00","0.00",703
279,"B0000301173179","2021-09-24",22980407,2,5613.12,1765.45,4638.94,0.00,974.18,231.95000000000,"118.68",0.00,"1352.97","412.49","","0.00","0.00",703
280,"B0000301173180","2021-09-24",22980415,2,7313.57,2120.93,6044.27,0.00,1269.30,302.21000000000,"154.63",0.00,"1457.95","662.98","","0.00","0.00",703
281,"B0000301173181","2021-09-24",22980431,2,9315.29,2831.43,7698.59,0.00,1616.70,384.93000000000,"196.96",0.00,"2058.95","772.47","","0.00","0.00",703
282,"B0000301173182","2021-09-24",22980512,10,31832.58,8219.85,23808.07,0.00,8024.51,1190.40000000000,"673.05",0.00,"4475.93","3743.92","","0.00","3024.82",703
283,"B0000301173183","2021-09-24",22980520,2,5082.38,1844.95,4200.31,0.00,882.07,210.02000000000,"107.46",0.00,"1643.96","201.00","","0.00","0.00",703
284,"B0000301173184","2021-09-24",22985425,2,2821.60,497.99,2331.90,0.00,489.70,116.60000000000,"59.66",0.00,"343.99","154.00","","0.00","0.00",703
285,"B0000301173185","2021-09-24",22985476,2,5745.91,1045.48,4748.69,0.00,997.22,237.43000000000,"121.49",0.00,"90.00","955.48","","0.00","0.00",703
286,"B0000301173186","2021-09-24",22985557,2,4527.19,1468.46,3741.48,0.00,785.71,187.07000000000,"95.72",0.00,"1166.97","301.49","","0.00","0.00",703
287,"B0000301173187","2021-09-24",22985573,2,3395.21,1156.46,2805.96,0.00,589.25,140.30000000000,"71.79",0.00,"968.97","187.49","","0.00","0.00",703
288,"B0000301173188","2021-09-24",22985581,2,9544.67,2276.95,7888.16,0.00,1656.51,394.41000000000,"201.81",0.00,"1067.98","1208.97","","0.00","0.00",703
289,"B0000301173189","2021-09-24",22985654,2,9610.58,2592.44,7942.63,0.00,1667.95,397.13000000000,"203.20",0.00,"1534.97","1057.48","","0.00","0.00",703
290,"B0000301173190","2021-09-24",23015764,10,13063.48,2612.44,9770.37,0.00,3293.10,488.52000000000,"276.21",0.00,"654.98","1957.46","","0.00","1241.33",703
291,"B0000301173191","2021-09-24",23015772,2,4941.92,1372.46,4084.23,0.00,857.69,204.21000000000,"104.49",0.00,"956.97","415.49","","0.00","0.00",703
292,"B0000301173192","2021-09-24",23015810,2,5649.32,1619.96,4668.86,0.00,980.46,233.44000000000,"119.45",0.00,"1169.97","449.98","","0.00","0.00",703
293,"B0000301173193","2021-09-24",23015837,2,2878.84,581.98,2379.21,0.00,499.63,118.96000000000,"60.87",0.00,"533.98","48.00","","0.00","0.00",703
294,"B0000301173194","2021-09-24",23015861,10,11599.60,4645.40,8675.52,0.00,2924.08,433.78000000000,"245.25",0.00,"4256.92","388.49","","0.00","1102.22",703
295,"B0000301173195","2021-09-24",23017031,2,3736.46,1342.45,3087.98,0.00,648.48,154.40000000000,"79.00",0.00,"1259.96","82.50","","0.00","0.00",703
296,"B0000301173196","2021-09-24",23017040,2,5872.60,1471.46,4853.39,0.00,1019.21,242.67000000000,"124.17",0.00,"851.98","619.49","","0.00","0.00",703
297,"B0000301173197","2021-09-24",23018305,2,4386.67,1265.96,3625.35,0.00,761.32,181.27000000000,"92.75",0.00,"938.98","326.99","","0.00","0.00",703
298,"B0000301173198","2021-09-24",23019417,2,3850.32,660.98,3182.08,0.00,668.24,159.10000000000,"81.41",0.00,"485.99","174.99","","0.00","0.00",703
299,"B0000301173199","2021-09-24",23019425,2,5415.89,1138.46,4475.94,0.00,939.95,223.80000000000,"114.51",0.00,"419.99","718.48","","0.00","0.00",703
300,"B0000301173200","2021-09-24",23019450,2,4176.21,1391.97,3451.42,0.00,724.80,172.57000000000,"88.30",0.00,"1214.98","176.99","","0.00","0.00",703
301,"B0000301173201","2021-09-24",23019492,2,4406.06,716.98,3641.37,0.00,764.69,182.07000000000,"93.16",0.00,"0.00","716.98","","0.00","0.00",703
302,"B0000301173202","2021-09-24",23019557,2,7103.06,1586.93,5870.30,0.00,1232.76,293.51000000000,"150.18",0.00,"686.97","899.97","","0.00","0.00",703
303,"B0000301173203","2021-09-24",23019565,2,5530.86,2045.95,4570.96,0.00,959.90,228.55000000000,"116.94",0.00,"1928.96","117.00","","0.00","0.00",703
304,"B0000301173204","2021-09-24",23019573,2,3381.43,339.99,2794.57,0.00,586.86,139.73000000000,"71.49",0.00,"0.00","339.99","","0.00","0.00",703
305,"B0000301173205","2021-09-24",23046376,2,2963.16,589.49,2448.90,0.00,514.27,122.44000000000,"62.65",0.00,"206.99","382.49","","0.00","0.00",703
306,"B0000301173206","2021-09-24",23046392,2,3066.31,688.48,2534.14,0.00,532.17,126.71000000000,"64.83",0.00,"344.99","343.49","","0.00","0.00",703
307,"B0000301173207","2021-09-24",23046473,2,3912.73,839.98,3233.66,0.00,679.07,161.68000000000,"82.73",0.00,"353.98","485.99","","0.00","0.00",703
308,"B0000301173208","2021-09-24",23046490,2,4215.63,1243.47,3483.99,0.00,731.64,174.20000000000,"89.13",0.00,"950.98","292.49","","0.00","0.00",703
309,"B0000301173209","2021-09-24",23046619,2,4771.39,1459.48,3943.29,0.00,828.09,197.16000000000,"100.88",0.00,"1154.98","304.49","","0.00","0.00",703
310,"B0000301173210","2021-09-24",23049677,2,3343.18,1057.48,2762.96,0.00,580.22,138.15000000000,"70.69",0.00,"890.98","166.50","","0.00","0.00",703
311,"B0000301173211","2021-09-24",23050233,2,2747.09,680.98,2270.32,0.00,476.77,113.52000000000,"58.08",0.00,"425.98","254.99","","0.00","0.00",703
312,"B0000301173212","2021-09-24",23050241,2,3611.35,1214.97,2984.59,0.00,626.76,149.23000000000,"76.36",0.00,"1079.97","135.00","","0.00","0.00",703
313,"B0000301173213","2021-09-24",23050470,10,40659.31,17389.00,30409.71,0.00,10249.59,1520.49000000000,"859.67",0.00,"17216.51","172.49","","0.00","3863.55",703
314,"B0000301173214","2021-09-24",23050519,2,7444.83,1492.46,6152.76,0.00,1292.08,307.64000000000,"157.41",0.00,"425.99","1066.48","","0.00","0.00",703
315,"B0000301173215","2021-09-24",23050527,2,3560.25,824.98,2942.35,0.00,617.89,147.12000000000,"75.28",0.00,"431.99","392.99","","0.00","0.00",703
316,"B0000301173216","2021-09-24",23050535,2,2540.20,883.47,2099.34,0.00,440.86,104.97000000000,"53.71",0.00,"830.97","52.50","","0.00","0.00",703
317,"B0000301173217","2021-09-24",23050543,2,7521.42,1877.44,6216.05,0.00,1305.37,310.80000000000,"159.03",0.00,"1038.98","838.47","","0.00","0.00",703
318,"B0000301173218","2021-09-24",23051310,2,8927.65,2100.95,7378.22,0.00,1549.43,368.91000000000,"188.76",0.00,"977.48","1123.47","","0.00","0.00",703
